ID,Name,Email,Password
1,Admin,admin@example.com,$2y$12$Ogr4jD0Tu2ZrvpoXfckCh.iJCNBEdtb4qf1qRLrwPr9UzLuw/Mnom
2,"Pasquale Kunde",rutherford.antonetta@example.com,$2y$12$iVLeIUzLS4A91socroxu1.Eo3NS47aK1DdYMLOWVSQ3C3n92J3Vwu
3,"Annamarie Hettinger",nova52@example.com,$2y$12$IpQSERw.8vJ1aXh8Xc9eF.3nK2JErXJD7Ti140rguwSR58Vjexsne
4,"Jessyca Rohan DDS",grant.kellen@example.net,$2y$12$hzTBrggBjRahPVl8A3iWX.6JxphySCmK7iVHIbeBK4/H5CN72HDWS
5,"Bill Orn",qschmitt@example.net,$2y$12$BYSPFOh9boikivAhBISlx.WkQAJj1DmG3oSJF36XmSqMNzRuMdPjy
6,"Stefan Kris",audrey90@example.org,$2y$12$pDuGDAUAn.8k/TYrzJbP0ePSwLvxE1Td1aEX..mLXGoZKL4hWb4J.
7,"Dr. Kaelyn Ebert Jr.",konopelski.wanda@example.net,$2y$12$EYlTbuMPfG5QSdk8ZLS2oeByI09.geXH9JBgAFMb1GJm9Xq/I5eRi
8,"Ismael Braun",irma.damore@example.net,$2y$12$pDdJh0p.IGV34IR3dgrKD.g7EAq/jbV.tx/OqULmY8cKCZdDHP27G
9,"Sonya Wolf",lorenzo38@example.org,$2y$12$wgfqqQUqMLNySqazsmyfiuizBTwkOEKUdEZhqDLXT5N2tVe4hsOgu
10,"Francesca Daniel",carter.nova@example.org,$2y$12$wamCYyz/evVNVVx4GmDrV.f/979.1rjPXlim5lrJX6UQMA7aRCWJW
11,"Tia Boehm",koch.jamir@example.org,$2y$12$YdFsP9UxTZWmgADjSN3WWeVOZu5dAxW.EYUSNrKZ8TZgcu1hNz.j6
12,"Kirsten Jacobi DDS",wilderman.duncan@example.com,$2y$12$iyBHJ9psN/XnD.dtHXAHouCb8MFWizWZCDvokcw05h4fsAbphYiz.
13,"Ashleigh Murphy Sr.",zkassulke@example.com,$2y$12$wT5Cpqb9xu6Lc/REc9NXzOWbo42wAE4/gcQK/z/sY3ux7.QT43way
14,"Jaleel Maggio",carlo29@example.com,$2y$12$VWtisiFqxKgKn/WpD3f6COa6LTa4Ito0ET5DPB7u8O6eNB1RWnrpi
15,"Rachel Heidenreich",ferry.jovanny@example.com,$2y$12$oNDVgR2LOgEAVrLm9iWN8OFx6qxzTUBV54YfMoH/.sDHsz2djADCK
16,"Miss Alison Romaguera",brown27@example.com,$2y$12$NhOJzWua2KX/448TFp0M2OZEnxxITH2lzVtCUX4KKmRachNQccoJu
17,"Prof. Gilberto Crist II",dhoeger@example.net,$2y$12$xCn2PEQiXzDOfzlc/STCp.2eU539tKE5O3Enuwakj8F5lLk2w4QFi
18,"Dr. Patience Marks DVM",wbruen@example.org,$2y$12$bmOHKX1jfvmvfqzY2MKYLeocho12DwaVotV1ado4HAfTM7/yn1OGe
19,"Jordane Wilderman",cesar76@example.com,$2y$12$aV0jw088mUOkJBTUl0Ad1ebp9VQMiIOjp37TpiVe.pQxJTZENICYG
20,"Mrs. Marisol Luettgen",ondricka.americo@example.net,$2y$12$TklWy1mFUhgk2yjzvb67SehhOfZIVBxlu3NE1FEi2KHmwlzsmwrx.
21,"Dr. Wilfrid Mraz III",aschmitt@example.org,$2y$12$NNmIxeGLhUG9sXHZNOzvv.Sp5lQqwF4RtNfZQpYVDhJpA4E6jBa2K
22,"Dr. Nathanael Rath",heller.adah@example.org,$2y$12$Mm4OIfFBQ7hO57qXx3zMDO1oEf4K.lSm0pZM7GHRQczLx6WFma0ji
23,"Vincent Doyle",doyle.leo@example.org,$2y$12$OlcxsfG1fHXdBOs2Z7mgk.uU/hHebXnTcEuV7glu16IMNhGDRXW5m
24,"Doug Kling",torphy.ocie@example.com,$2y$12$zF8XgvZlAIj1JHznGT5msOm85HwxlDnkeD3.iR5WdJeXAEG6iCpDa
25,"Jarred Bashirian II",willms.rupert@example.org,$2y$12$wR5tOYyj14PjVh0VNrnbVe.V/QrMsArJ8bo4f3SHsKaQ5UZBKcoKC
26,"Prof. Jacky Volkman",rowena88@example.com,$2y$12$Kp/b87nunEKpQUirPkbkiurHoVIDMAY4DUl7sTbKWVWBeBQOklzyq
27,"Laurie Beer",ryann30@example.com,$2y$12$J.PNJoz508EsepAl/CVBEe86EPemoSWG1asw1cUlJQjWkuhrRPvOm
28,"Brandy Quitzon",nicolas.erdman@example.net,$2y$12$0YOCZlx1iPn1zwLh42wC6.TpBF.mhwmQ5HGkgtr4dACRxPDGTrepO
29,"Fae McCullough",uherzog@example.org,$2y$12$4TWIIDfdufeERVnbqNj.p.hhddW0ZShxMluE.Qy5hH1q0vMDP.AQm
30,"Ana Ritchie",neva.spinka@example.org,$2y$12$4hAZmhsfpWkhy1LTrfS/MeKI26bmI7qlZ.lSTfN6R9OosABQrHqTG
31,"Kenyatta Jacobson",mbechtelar@example.org,$2y$12$28fabChUUjiuV24aMI6ZO.R3SFr8JiO9wTqTa5tBiH4ZBereA15fu
32,"Simone Krajcik",flatley.caleb@example.com,$2y$12$LIhxzuL.80pzjjWwZwVHWOXeYUnm6szUW3Mfei6YetRz6.cRo117S
33,"Prof. Korey Goyette",davon.frami@example.org,$2y$12$ZHhDBes5cZlqzCispNl.yemFAms3Mmdjul4sX.Ih92VhoGFjBiawW
34,"Yolanda Rice",nikolaus.royal@example.com,$2y$12$61lnoIPFMJ4/zo7xxRozp.FruPUXUC5TTCHNoHwtRukQ1vQILl3hK
35,"Noemi Cruickshank",parker.medhurst@example.net,$2y$12$fkcAAqmgmQerqxo7aJ70WeyoH.m5xueCEOwGgU9MYbb0XIAnw7juW
36,"Deanna Dickens",stokes.jeffry@example.net,$2y$12$TvmiB6wEXvlg54hv58GnHO0BVlIQZyx/pvS9gQHIbo836gEiGOThO
37,"Rylee Conn",cgorczany@example.org,$2y$12$adFLDQCmIezBueqs0ZabIeuITrSnxBiBwQU6TwXfpGSHke9h2KThu
38,"Mrs. Shany Hyatt IV",eveline.kilback@example.net,$2y$12$XbAIovqk5LtxwScgoEYsTuVRvgQTpTrIpWj.vaGEwSmwlMOm/H.cu
39,"Prof. Evan Kuhn III",boyer.greta@example.net,$2y$12$9v0NE.etCBEsVrXxfFvULu6C.4Pbhh3xJV7fDcNLyhapX0dYxlpRO
40,"Weston Pollich",leone68@example.net,$2y$12$D2VhyxSO4VX/TzWJP49tE.enRiBEaFAAfNw9x/oh4RkLbPAt4secy
41,"Judah Hermann",malachi.lubowitz@example.com,$2y$12$TEcRKPrNDObxA/oPq2lm8OQdYlEpoDoyFw7fRVd4pr65OnMPQ9f.C
42,"Craig Kunde II",stanton97@example.com,$2y$12$..3.n8tjH/K97SzsKNJkXeQaz.EXyjBVBwSg1zpQdIcgHx5sbxer2
43,"Melissa Moore",dkrajcik@example.net,$2y$12$o8EhmYOe6h03YhJQhEb.QeqG8BdGeV6bY6kAqJyBIfmdOmIPoVDEW
44,"Prof. Ruth Lynch",annabelle.stehr@example.com,$2y$12$bQEL1Z/f9A8v65gLEXRzc.Evw9yydZkISLQhmivc24qZlLNfb/Poq
45,"Prof. Dolores Runolfsdottir Jr.",predovic.emely@example.com,$2y$12$8NDZfeHnRkdYylvBx6a6Xu14Hm2zgLeZuyyl0d6b7UntGksuE2hGu
46,"Mrs. Amira Muller",hcollier@example.org,$2y$12$kJsTqlOEVn20XUJVImI2UehP/1i1YxFD8hwL6dYfXlQcFjQynkEsu
47,"Prof. Alexandrea Stroman PhD",annie09@example.org,$2y$12$ZBa9bwu3Ey.pkJXKhkXQwO/7O85aBKIAJ9Tub9C2uLfqwCQWZjPN.
48,"Prof. Rowena Mante PhD",caden.koelpin@example.org,$2y$12$C0zRi9tp1lUvgg64bBDZiOzPHz3GUZ9QPCvs1g6oXkwWgm6X1RY3C
49,"Ms. Vergie Hudson",maryjane.wolf@example.net,$2y$12$3v6u9BMXGnx/XfLmPf45R.lF8Qsp4O/1I34KFCcvu/gO.rdYqPf.O
50,"Hans Watsica",wilfred.crooks@example.com,$2y$12$KQwxhxz3/pry73yooPfD4eqw9yBnWgyadlNpfU7oQ4lRk6Z6ECbtu
51,"Delaney Walker",turcotte.ted@example.org,$2y$12$FqPl1M8NWMwfpzvIKH0V5O.OuK7pDk4.66rysJwnZg0HVE7U7xUBi
52,"Prof. Gianni Heidenreich",nakia.eichmann@example.org,$2y$12$1EuEnGHLYRmFesStJTnIHuPDxcF6qH231TRxKWRP73ruEmw3/zVGm
53,"Carson Kuhic",kuhn.ursula@example.com,$2y$12$s1qNVJvstVk2PJyZQm696O5nxs9eOCGl0QoWP8KU/40BxTsTwR4yW
54,"Dejuan Sporer",luettgen.matt@example.net,$2y$12$HIGvVcrNVOxH6lZaC4tx5uXQNnFSWFgL5kE6YcTwDepVguAn30cxy
55,"Breanne Pollich",ward.dubuque@example.org,$2y$12$XR51PM41zQPhg9LaPRaqNeWjCBeIevKWrr306heFDPKCtitaSEMla
56,"Dr. Vernon Bahringer",george28@example.com,$2y$12$uUUaxRABN3O2tFOfIqCCOuHEnZuNwVGEw94B3gW50LOKUM9dGjLG2
57,"Kacey Homenick",gpredovic@example.com,$2y$12$yQMXo.mwqYDqL0rK7xwlLe30dHjZhf1v2LGZ3bZyyRxDTBLop6DSq
58,"Napoleon Schmeler MD",qgaylord@example.net,$2y$12$/92Ru3BJQv3AxE39pru1Au53ilkbpV09uEj0DHXToRruR.tYtJJ3G
59,"Alisha Rau",oleta.leffler@example.org,$2y$12$hDTxE/sJnLqwOF2RYQGNwep75vudqHIhe5EzQlENK2HeVEeQJ62M2
60,"Hilma Lesch",pherman@example.org,$2y$12$qi/HMMkZtQHhW5UGYFkEw.YynhBjBFQgYM2L7aDJDqFDdDSMCe7Ry
61,"Mr. Raul Kirlin V",qquitzon@example.com,$2y$12$4EJpsox.xdn6.mCndIvg4Or5EY2IoWr1p46df.V3qo0uSNHlKQF/C
62,"Nannie Ledner",torphy.antonietta@example.net,$2y$12$t0mGtrSlV3tES/OfBGcQFOgQ1fVCvT9ja7hy6qmilCMgbhJfjmFZW
63,"Dion Homenick Jr.",tprosacco@example.com,$2y$12$LgTIZ3yxkjbzxXNJ8/KPgu6cSf4mDwv7IY.KWcy2kJlObIe1nsOa6
64,"Sally Hermann Sr.",sincere68@example.net,$2y$12$uFTTyUiUVL4lM914patC4eefqQtC6CFxPfT.NxkPh2anUX8oZKQ6.
65,"Dr. Hector Waelchi",minerva.volkman@example.net,$2y$12$OnahGPvRIj5Ic3GQhNNe2ehhbmFuFqaxwen8gNrzEyhRkH8bhPFsq
66,"Sarah Kassulke",fred96@example.org,$2y$12$qV0dNQilVYuhrTwm7IjGeOcaNdUvuKjUMnFAQJDZP6Yh9uvSzmoZW
67,"Dr. Leopold Schmitt",swift.elyse@example.net,$2y$12$oM13xAmFbgTciHPqFjav0.C1SQd0TxMfATCtIPTblMrMHohMTWWaS
68,"Mr. Elroy Brekke DDS",alejandra12@example.com,$2y$12$QnyTreJDm5tA5iR2QCzk/eMsfHRO0gQr1HxtV4zytguCTe7aeemKO
69,"Lexi Witting",steuber.lamar@example.com,$2y$12$verpUZp/SNERFImNQfqBeuQz9K/adl.PHcANVMOBuLWbhQ7fJrRcm
70,"Perry McDermott",rempel.ceasar@example.org,$2y$12$62e2Qr2RYt6monCoZZgOwOBqmn.EfnWbqwzhfzTdmgeHWZlGTF2ZS
71,"Dr. Susie Rempel",qmayer@example.org,$2y$12$rJL4.6YmSermLN8tY7QAOOScCub7q9XOiHPX2TK1520P6OvOHMCLy
72,"Ms. Jany Weissnat Jr.",xgottlieb@example.com,$2y$12$jTsn4f9Fs3IjORVeXkUdr.IoZ6dINxmJllBL3emN0NSg2rfnH/9.e
73,"Arden Cummings",roxane.hegmann@example.net,$2y$12$zDjMXoGOyzaRamSMvAaYLO0utb6hhAfS82e8u6T5YCJhhA6Myds7a
74,"Luz Crona",jkertzmann@example.net,$2y$12$m4AIZWGwp9fhkOUjjYn9puJY6rZVT3fZ5eYw4gMx/qN/c3c3UhoYK
75,"Prof. Macie Okuneva V",myriam85@example.com,$2y$12$pRnqybgCDkDGRt5yn7tFYeoXxXIUa3I0RyS.fqsjRKU3BVyPR0Zoa
76,"Robert Conn",whirthe@example.com,$2y$12$A8oRG.vFPvcbtrwI5mfb6unDl8dFzB1YUEw2IMr50FhjlaTMc0Zi2
77,"Effie Prohaska",usimonis@example.org,$2y$12$6mIGL0MTCSAhtjQTHAWaR.eKFA31wgVEIHwYgXW8PIMXn./fugjjC
78,"Dr. Vena Connelly",mabelle01@example.org,$2y$12$h2ELJCsnmTJZvDoov1rFqu4B/cFOwm/twvzu2pfPWKE8IcHHhoIyi
79,"Kory Towne",xschamberger@example.com,$2y$12$ZLZVnMoa/Jf/eiXriWC96ObVnR3TvyuQdUa.nsGAwUT9axSY64NpK
80,"Theron Thiel",reinger.donna@example.net,$2y$12$K.SLCHCagRoqZOr92xhQFe8oG5p0sU20EvmMuNZ7/kn8cP5m7JNCi
81,"Dr. Curtis Wunsch",abigail.effertz@example.com,$2y$12$wIQ/MVO8dkQDZoTrsZF34undPPZ1b3eyML/FR7uqDpi0ioRdHRxM2
82,"Mrs. Joanny Balistreri",eli.stiedemann@example.org,$2y$12$37GSN1BiZweJLA..jlRV5edHTh9d5jmnzKk0ZkwFceNs.ezO.fMLy
83,"Breanna Crist",mayert.kenyon@example.org,$2y$12$0S1MH5ki7o/dRgZRLJlVpe6HVQpBsshSgTFTcCx2Wsza/45VR5FAe
84,"Althea Tromp II",jamal38@example.org,$2y$12$OxcaFV9Sen3.YRMc9RUShOxa2d913bYABEEh9wCy7.5a/SwPx551C
85,"Amira Crooks",sienna.blick@example.org,$2y$12$yKYnh9LrAyWb7KqM51lRBeqU8Pi2TL1/DvOQrZsiDt0mc1ckgytMO
86,"Markus Feest",kenneth.beahan@example.com,$2y$12$HojPm4lIRAiQEJgMkpWyr.IOj/TCjqNcn5JGyt/qxclzNnKqEnL7C
87,"Osbaldo Little",kulas.maybelle@example.org,$2y$12$GWxgKX9oOnd/W4A4qU1F8.qCJibBwxTZOYz8i.pUqcqlgNKuzEgFy
88,"Dr. Cooper Okuneva",lpollich@example.com,$2y$12$s1GbNqygweSLl4qzUEyOP.wQcNJANYuN6.hm.j9lCSANpdscQQs0.
89,"Annabel Bechtelar",jdoyle@example.net,$2y$12$dryHbkr39tnmssteRML0quaBVXJE8qHN3KPXNHJHBTQ82Aedkbs6u
90,"Mr. Lincoln Reichert",torphy.lesly@example.net,$2y$12$Fq.Ua9zqHcJENp7Cwf5Gd.GydnLiVJJ.WMaJSZZe2q9OICYVEjkz6
91,"Gina Heaney Sr.",ihaag@example.org,$2y$12$Hm5q04NCDYgvVisx7ZfJZu4GlRXAjbAsrk.aKOA080BOtA/ugj2/u
92,"Georgiana Kuhlman",elda93@example.net,$2y$12$uB2OlV8kgiposBDbchyVSel4hEsHnART5Ysiio3t9jLocwuCl.Wxe
93,"Hipolito Beahan",adolphus64@example.com,$2y$12$9NQUmxOxt4YQYfDIY5R3JOWd/6PkRyTPF0T839iBwAxdu3Wojjmje
94,"Lola Cronin",lilla.hammes@example.org,$2y$12$rBFwTkdkcguy4Erf.EltD.2G7U2wsyNweDzr0ks9Bc4r50A6chZnC
95,"Dr. Bryon Von",keeling.giles@example.com,$2y$12$Tqy9OV6JjKspdGIWsgO0nuB9O5JrHxokATuIWWE3..yifwH7G1csO
96,"Rudy Ward",dbechtelar@example.com,$2y$12$bvrVsCSrDoqqn0e3utXvh.Tl2ZN7PJzS7mYv.tMe4jb601JQ8DWTW
97,"Dr. Rosemary Keebler",adelle.emard@example.net,$2y$12$j4l3dZOEHCpCvQTDzbkz4u0HAFDv3eNT0QpA5YNfwylSTf1152px6
98,"Prof. Tina Rice Sr.",vivienne.mckenzie@example.net,$2y$12$3RhGhtGwOsc5A4vVC9Apvew/HAiYj3HhNyKnt3wrAF4LEAW/27QjG
99,"Mckenzie Nikolaus",ozboncak@example.org,$2y$12$Gv.YNdMliBRSt7YcUkic5u/5XIoXJ894efiBlQDrOaf3c20aKhLxm
100,"Mr. Hunter Wiegand",jon19@example.com,$2y$12$IXPBACgW6neaVqRbFyGBu.mWI4RTuwUq.eAHv1wrmfZFv9WwLDQmC
101,"Ms. Reta Mills Jr.",ledner.mohammed@example.org,$2y$12$E85hlG7qEO46nJyJh9zz2OZGZifaCbKUt294HVnedE./TVTn1uLrC
